name,weight,feature_mean,feature_std,type
judge_score_std,0.02901600105282519,25.77834066099149,5.834870899485236,feature
judge_percent_std,0.15255201397297868,0.12418627941912869,0.05774917593140402,feature
age_std,-0.021848294293997404,35.84977466199299,13.068536496813703,feature
industry_Actor/Actress,0.23628232974471916,,,feature
industry_Astronaut,-1.9616553469268383,,,feature
industry_Athlete,0.14792661550577657,,,feature
industry_Beauty Pagent,-0.3368233116056129,,,feature
industry_Comedian,-0.04446162460779973,,,feature
industry_Entrepreneur,0.5635421013189018,,,feature
industry_Fashion Designer,-0.23495064877422103,,,feature
industry_Military,0.15050763314008989,,,feature
industry_Model,-0.36413479196727466,,,feature
industry_Motivational Speaker,0.3087425591965357,,,feature
industry_Musician,0.39938149488588026,,,feature
industry_News Anchor,0.3529146580857819,,,feature
industry_Other,-0.4397355693063654,,,feature
industry_Politician,0.04606346206272365,,,feature
industry_Racing Driver,0.6018423835854798,,,feature
industry_Radio Personality,-0.46854998113044577,,,feature
industry_Singer/Rapper,0.13976938424704177,,,feature
industry_Social Media Personality,0.22591185410713602,,,feature
industry_Sports Broadcaster,0.45229559019900234,,,feature
industry_TV Personality,0.22196739734048512,,,feature
country_Argentina,-0.015637330954655165,,,feature
country_Australia,0.08410500290667715,,,feature
country_Brazil,-0.1041984350052192,,,feature
country_Canada,0.09222840043983921,,,feature
country_Chile,0.12953497058101718,,,feature
country_Croatia,-0.011627837751412375,,,feature
country_Cuba,0.44603893152678453,,,feature
country_Czechoslovakia,-0.4835504391749924,,,feature
country_England,0.17222618254808328,,,feature
country_France,-0.30234358883162676,,,feature
country_Germany,0.044577567384270156,,,feature
country_Ireland,0.149073213390476,,,feature
country_Italy,-0.04610918588450062,,,feature
country_Other,-0.39167878017717844,,,feature
country_Philippines,-0.06533880932408218,,,feature
country_Poland,0.07767472417910032,,,feature
country_Russia,0.06961344394778893,,,feature
country_South Africa,-0.4053339045721366,,,feature
country_South Korea,0.23931777708357946,,,feature
country_Spain,-0.05162304707131314,,,feature
country_United States,0.1310802159557073,,,feature
country_Wales,0.27000001897664544,,,feature
season_3__judge_score_std,-1.6503993773121697,,,feature
season_3__judge_percent_std,2.2347723023314776,,,feature
season_3__age_std,-0.21810498066784229,,,feature
season_3__industry_Actor/Actress,0.12027245026126081,,,feature
season_3__industry_Astronaut,0.0006757906948836703,,,feature
season_3__industry_Athlete,0.7095811297778467,,,feature
season_3__industry_Beauty Pagent,0.006312882258384789,,,feature
season_3__industry_Comedian,-0.014571558198564791,,,feature
season_3__industry_Entrepreneur,-0.003196712163571314,,,feature
season_3__industry_Fashion Designer,-0.004703726542928185,,,feature
season_3__industry_Military,-0.006388778482429039,,,feature
season_3__industry_Model,-0.08466824726759174,,,feature
season_3__industry_Motivational Speaker,0.01494941311234281,,,feature
season_3__industry_Musician,-0.008658311156923568,,,feature
season_3__industry_News Anchor,0.00968278354592176,,,feature
season_3__industry_Other,-0.016828697716160534,,,feature
season_3__industry_Politician,-0.0033488502998564582,,,feature
season_3__industry_Racing Driver,0.0016275306510479003,,,feature
season_3__industry_Radio Personality,0.005862223313595932,,,feature
season_3__industry_Singer/Rapper,0.06649472836310827,,,feature
season_3__industry_Social Media Personality,0.007933472352002473,,,feature
season_3__industry_Sports Broadcaster,-0.003487250722487857,,,feature
season_3__industry_TV Personality,-0.8022632947883702,,,feature
season_3__country_Argentina,0.008579758812573411,,,feature
season_3__country_Australia,-0.0019130432488172308,,,feature
season_3__country_Brazil,-0.012756863233382052,,,feature
season_3__country_Canada,-0.0113328721400332,,,feature
season_3__country_Chile,-0.009194522860019531,,,feature
season_3__country_Croatia,0.004971607440535166,,,feature
season_3__country_Cuba,0.0014242573607057291,,,feature
season_3__country_Czechoslovakia,0.0069048535406713955,,,feature
season_3__country_England,0.7440069220461849,,,feature
season_3__country_France,0.0015853969107676759,,,feature
season_3__country_Germany,0.006255903939670153,,,feature
season_3__country_Ireland,-0.003093465397201674,,,feature
season_3__country_Italy,0.004567752375567621,,,feature
season_3__country_Other,-0.006619259410665403,,,feature
season_3__country_Philippines,-0.0036305384656500884,,,feature
season_3__country_Poland,-0.003817378939979915,,,feature
season_3__country_Russia,-0.011958396455891467,,,feature
season_3__country_South Africa,0.004869724807857946,,,feature
season_3__country_South Korea,-0.004694023402029662,,,feature
season_3__country_Spain,0.00012494118727243743,,,feature
season_3__country_United States,-0.7434723854191642,,,feature
season_3__country_Wales,0.004465311760292998,,,feature
season_4__judge_score_std,-0.09979832682193779,,,feature
season_4__judge_percent_std,0.2560498127429806,,,feature
season_4__age_std,-0.007885256922916742,,,feature
season_4__industry_Actor/Actress,0.09995719809707337,,,feature
season_4__industry_Astronaut,-0.01687334433957921,,,feature
season_4__industry_Athlete,0.18850856575630562,,,feature
season_4__industry_Beauty Pagent,-0.3513287117608133,,,feature
season_4__industry_Comedian,-0.009972468276018198,,,feature
season_4__industry_Entrepreneur,0.003997742267236009,,,feature
season_4__industry_Fashion Designer,-0.009054790553600183,,,feature
season_4__industry_Military,-0.003781625540393724,,,feature
season_4__industry_Model,-0.05953616532878283,,,feature
season_4__industry_Motivational Speaker,-0.003562639710614071,,,feature
season_4__industry_Musician,0.0073751556846727165,,,feature
season_4__industry_News Anchor,-0.009336176800096858,,,feature
season_4__industry_Other,-0.0020543755786821666,,,feature
season_4__industry_Politician,-0.009500220549109352,,,feature
season_4__industry_Racing Driver,-0.0033903307590047527,,,feature
season_4__industry_Radio Personality,0.00840308137457579,,,feature
season_4__industry_Singer/Rapper,0.5377808820344652,,,feature
season_4__industry_Social Media Personality,0.004344236435455335,,,feature
season_4__industry_Sports Broadcaster,0.0023773560233193887,,,feature
season_4__industry_TV Personality,-0.4540996383908481,,,feature
season_4__country_Argentina,-0.014460578543883587,,,feature
season_4__country_Australia,0.0007212950771367494,,,feature
season_4__country_Brazil,-0.005294927090638827,,,feature
season_4__country_Canada,0.002326762113544407,,,feature
season_4__country_Chile,0.00021852145523281916,,,feature
season_4__country_Croatia,0.016017788913207875,,,feature
season_4__country_Cuba,-0.0023935562747275105,,,feature
season_4__country_Czechoslovakia,-0.25211518354724943,,,feature
season_4__country_England,0.17114469901494694,,,feature
season_4__country_France,0.0021999668397140793,,,feature
season_4__country_Germany,0.01359187575240367,,,feature
season_4__country_Ireland,0.008351112459144421,,,feature
season_4__country_Italy,0.0035687105914940557,,,feature
season_4__country_Other,0.014633028912196094,,,feature
season_4__country_Philippines,-0.011887630543227657,,,feature
season_4__country_Poland,-0.006397515327498736,,,feature
season_4__country_Russia,-0.009265759414058414,,,feature
season_4__country_South Africa,-0.0038980980315571033,,,feature
season_4__country_South Korea,-0.013766861475565436,,,feature
season_4__country_Spain,0.006351509468144125,,,feature
season_4__country_United States,0.07030587942781227,,,feature
season_4__country_Wales,-0.014708062945024719,,,feature
season_5__judge_score_std,0.6723233290846207,,,feature
season_5__judge_percent_std,-1.3049902131373023,,,feature
season_5__age_std,0.038403078733722756,,,feature
season_5__industry_Actor/Actress,0.03279060697899772,,,feature
season_5__industry_Astronaut,0.029138624660071426,,,feature
season_5__industry_Athlete,0.0953915899831563,,,feature
season_5__industry_Beauty Pagent,-0.009895381200318203,,,feature
season_5__industry_Comedian,-0.021320462807314425,,,feature
season_5__industry_Entrepreneur,0.002677114623440685,,,feature
season_5__industry_Fashion Designer,-0.008129410953104942,,,feature
season_5__industry_Military,-0.0041535726017949874,,,feature
season_5__industry_Model,-0.5788333111545615,,,feature
season_5__industry_Motivational Speaker,-0.001407908864161707,,,feature
season_5__industry_Musician,0.010659802307875374,,,feature
season_5__industry_News Anchor,0.0015704856744538898,,,feature
season_5__industry_Other,-0.0015863483703831254,,,feature
season_5__industry_Politician,-0.01035653752825608,,,feature
season_5__industry_Racing Driver,0.014824955455316365,,,feature
season_5__industry_Radio Personality,-0.004863079090735084,,,feature
season_5__industry_Singer/Rapper,0.27979507883682403,,,feature
season_5__industry_Social Media Personality,0.01767929913579702,,,feature
season_5__industry_Sports Broadcaster,0.0013027452147335492,,,feature
season_5__industry_TV Personality,0.16656429831908176,,,feature
season_5__country_Argentina,-0.004992955985393347,,,feature
season_5__country_Australia,-0.011849437664168842,,,feature
season_5__country_Brazil,0.021920617280032202,,,feature
season_5__country_Canada,0.06483452646126227,,,feature
season_5__country_Chile,0.021284697324351478,,,feature
season_5__country_Croatia,-0.008213866792242995,,,feature
season_5__country_Cuba,0.008384892037362725,,,feature
season_5__country_Czechoslovakia,-0.009029271780867232,,,feature
season_5__country_England,-0.08803123652551927,,,feature
season_5__country_France,0.003849509661059144,,,feature
season_5__country_Germany,-0.0015663789765811003,,,feature
season_5__country_Ireland,-0.00040762526135643677,,,feature
season_5__country_Italy,-0.006547876954294158,,,feature
season_5__country_Other,0.004460722014821763,,,feature
season_5__country_Philippines,-0.004549834803405295,,,feature
season_5__country_Poland,-0.012256057637674464,,,feature
season_5__country_Russia,-0.012779375743199008,,,feature
season_5__country_South Africa,0.0017258791772229354,,,feature
season_5__country_South Korea,0.015790912564106162,,,feature
season_5__country_Spain,0.0015999161357358846,,,feature
season_5__country_United States,-0.007498102570496069,,,feature
season_5__country_Wales,0.0028582613960236648,,,feature
season_6__judge_score_std,0.7166878570392251,,,feature
season_6__judge_percent_std,-1.6159081296412143,,,feature
season_6__age_std,-0.21746864446580771,,,feature
season_6__industry_Actor/Actress,-0.2205183002704972,,,feature
season_6__industry_Astronaut,0.004287564384616963,,,feature
season_6__industry_Athlete,0.19641997119443386,,,feature
season_6__industry_Beauty Pagent,0.001832344372220677,,,feature
season_6__industry_Comedian,-0.012244690317206318,,,feature
season_6__industry_Entrepreneur,-0.013681591992457533,,,feature
season_6__industry_Fashion Designer,0.01650927932231634,,,feature
season_6__industry_Military,0.017236657207832167,,,feature
season_6__industry_Model,-0.0017951921328267437,,,feature
season_6__industry_Motivational Speaker,-0.0038318732113584615,,,feature
season_6__industry_Musician,0.01461444292241816,,,feature
season_6__industry_News Anchor,-0.011070456820432338,,,feature
season_6__industry_Other,0.02519711317244407,,,feature
season_6__industry_Politician,0.006433267946892653,,,feature
season_6__industry_Racing Driver,-0.003946051228595597,,,feature
season_6__industry_Radio Personality,0.4154961238336652,,,feature
season_6__industry_Singer/Rapper,-0.40080658896167515,,,feature
season_6__industry_Social Media Personality,0.0033757454879891034,,,feature
season_6__industry_Sports Broadcaster,0.014074818613139715,,,feature
season_6__industry_TV Personality,0.0009058490690147652,,,feature
season_6__country_Argentina,0.006439387932767787,,,feature
season_6__country_Australia,-0.02050172101030804,,,feature
season_6__country_Brazil,-0.0004871840192979406,,,feature
season_6__country_Canada,-0.008432302702930975,,,feature
season_6__country_Chile,0.1609346381422802,,,feature
season_6__country_Croatia,-0.008781523669291138,,,feature
season_6__country_Cuba,-0.0033412344070064795,,,feature
season_6__country_Czechoslovakia,0.009159025423556096,,,feature
season_6__country_England,-0.013263927177396636,,,feature
season_6__country_France,0.0003063149259445321,,,feature
season_6__country_Germany,-0.004841694333335719,,,feature
season_6__country_Ireland,-0.0032767309436180308,,,feature
season_6__country_Italy,0.010027578253047443,,,feature
season_6__country_Other,-0.18325840407159041,,,feature
season_6__country_Philippines,0.013373981074425285,,,feature
season_6__country_Poland,-0.0015450567924982074,,,feature
season_6__country_Russia,-0.006959426116710724,,,feature
season_6__country_South Africa,-0.002238588168806021,,,feature
season_6__country_South Korea,0.002424967912716384,,,feature
season_6__country_Spain,0.0017657335845389622,,,feature
season_6__country_United States,0.0046729468295730004,,,feature
season_6__country_Wales,0.0009048978162758645,,,feature
season_7__judge_score_std,-0.25153950907929745,,,feature
season_7__judge_percent_std,0.10265298568937285,,,feature
season_7__age_std,0.010403387521673147,,,feature
season_7__industry_Actor/Actress,-0.03999565162353801,,,feature
season_7__industry_Astronaut,-0.0028738336154911517,,,feature
season_7__industry_Athlete,0.07858564042225549,,,feature
season_7__industry_Beauty Pagent,-0.005907070139633872,,,feature
season_7__industry_Comedian,-0.05403554896905744,,,feature
season_7__industry_Entrepreneur,0.012058536208883605,,,feature
season_7__industry_Fashion Designer,-0.007290838377438126,,,feature
season_7__industry_Military,-0.006541464400674922,,,feature
season_7__industry_Model,-0.021472890297387456,,,feature
season_7__industry_Motivational Speaker,-0.0016266592054479828,,,feature
season_7__industry_Musician,-0.010624144118591453,,,feature
season_7__industry_News Anchor,-0.005294394273660569,,,feature
season_7__industry_Other,-0.00876860778167611,,,feature
season_7__industry_Politician,-0.0009426255425264695,,,feature
season_7__industry_Racing Driver,-0.017577283913566208,,,feature
season_7__industry_Radio Personality,-0.014670452453909681,,,feature
season_7__industry_Singer/Rapper,0.07337019181428321,,,feature
season_7__industry_Social Media Personality,-0.012874225812738943,,,feature
season_7__industry_Sports Broadcaster,-0.010967855784547549,,,feature
season_7__industry_TV Personality,-0.03827553561482796,,,feature
season_7__country_Argentina,0.029050671692403163,,,feature
season_7__country_Australia,-0.01171566628824932,,,feature
season_7__country_Brazil,-0.0036824895678811247,,,feature
season_7__country_Canada,0.0034155555094060805,,,feature
season_7__country_Chile,0.0172869764440563,,,feature
season_7__country_Croatia,-0.009868570784278245,,,feature
season_7__country_Cuba,-0.002452778459419493,,,feature
season_7__country_Czechoslovakia,0.007773375760618635,,,feature
season_7__country_England,0.0043476607446654,,,feature
season_7__country_France,-0.003761560712300364,,,feature
season_7__country_Germany,-0.001338229645164049,,,feature
season_7__country_Ireland,-0.013748958083698613,,,feature
season_7__country_Italy,-0.00238173743974442,,,feature
season_7__country_Other,-0.0026638749000864955,,,feature
season_7__country_Philippines,0.0023216988962612905,,,feature
season_7__country_Poland,-0.005553272188189132,,,feature
season_7__country_Russia,0.004715385225449011,,,feature
season_7__country_South Africa,0.010127158178194191,,,feature
season_7__country_South Korea,0.0015542932766813902,,,feature
season_7__country_Spain,0.0035175640839921244,,,feature
season_7__country_United States,0.0005315534757786389,,,feature
season_7__country_Wales,8.439309168850132e-07,,,feature
season_8__judge_score_std,0.1036939809021345,,,feature
season_8__judge_percent_std,1.1412836869520122,,,feature
season_8__age_std,-0.43122774789574453,,,feature
season_8__industry_Actor/Actress,-0.3487072779994927,,,feature
season_8__industry_Astronaut,0.015733549024750177,,,feature
season_8__industry_Athlete,0.449249761148776,,,feature
season_8__industry_Beauty Pagent,-0.007630572096944929,,,feature
season_8__industry_Comedian,-0.011124114719832037,,,feature
season_8__industry_Entrepreneur,1.3676763126326956,,,feature
season_8__industry_Fashion Designer,0.002627492251468328,,,feature
season_8__industry_Military,0.004801434033915583,,,feature
season_8__industry_Model,-0.01744585986974093,,,feature
season_8__industry_Motivational Speaker,0.009274384815583335,,,feature
season_8__industry_Musician,0.004544203382143148,,,feature
season_8__industry_News Anchor,-0.011104306844143581,,,feature
season_8__industry_Other,-0.004715248074499522,,,feature
season_8__industry_Politician,0.002637172043564419,,,feature
season_8__industry_Racing Driver,0.0005246679835614767,,,feature
season_8__industry_Radio Personality,-0.002921711858037642,,,feature
season_8__industry_Singer/Rapper,-1.046056306373664,,,feature
season_8__industry_Social Media Personality,-0.002519773782072187,,,feature
season_8__industry_Sports Broadcaster,0.0015256251210232395,,,feature
season_8__industry_TV Personality,-0.3717812657014459,,,feature
season_8__country_Argentina,-0.025666584409313044,,,feature
season_8__country_Australia,-0.002368502645094469,,,feature
season_8__country_Brazil,0.0017651242137249968,,,feature
season_8__country_Canada,0.002959939896869165,,,feature
season_8__country_Chile,-0.0037191458132086164,,,feature
season_8__country_Croatia,-0.017567217824784622,,,feature
season_8__country_Cuba,0.0032799548371403382,,,feature
season_8__country_Czechoslovakia,0.017273502141641632,,,feature
season_8__country_England,0.7209722404740162,,,feature
season_8__country_France,-0.6144127130805318,,,feature
season_8__country_Germany,-0.003285252231229291,,,feature
season_8__country_Ireland,-0.0006132434582897474,,,feature
season_8__country_Italy,-0.010528985107039745,,,feature
season_8__country_Other,-0.0033445617235584946,,,feature
season_8__country_Philippines,0.013000445946988173,,,feature
season_8__country_Poland,0.005826552419875436,,,feature
season_8__country_Russia,0.017323116054100855,,,feature
season_8__country_South Africa,0.011774118889776964,,,feature
season_8__country_South Korea,0.0043908667892969535,,,feature
season_8__country_Spain,0.017439345261678705,,,feature
season_8__country_United States,-0.10886984717984426,,,feature
season_8__country_Wales,0.00827988176797007,,,feature
season_9__judge_score_std,1.107007960441389,,,feature
season_9__judge_percent_std,-1.6803470673597307,,,feature
season_9__age_std,0.1730705049682001,,,feature
season_9__industry_Actor/Actress,-0.6674421584546696,,,feature
season_9__industry_Astronaut,-0.011783036231148656,,,feature
season_9__industry_Athlete,-0.1180569486616397,,,feature
season_9__industry_Beauty Pagent,-0.0019065105750515946,,,feature
season_9__industry_Comedian,0.011712470934673194,,,feature
season_9__industry_Entrepreneur,0.007508689887312598,,,feature
season_9__industry_Fashion Designer,0.018206461576468016,,,feature
season_9__industry_Military,0.0073077469113864485,,,feature
season_9__industry_Model,-0.3213194261965728,,,feature
season_9__industry_Motivational Speaker,-0.0006695317289820084,,,feature
season_9__industry_Musician,-0.011720071925948159,,,feature
season_9__industry_News Anchor,-0.005182798423662747,,,feature
season_9__industry_Other,0.015112284332767217,,,feature
season_9__industry_Politician,0.2801235998231448,,,feature
season_9__industry_Racing Driver,-0.006989304285787463,,,feature
season_9__industry_Radio Personality,-0.01013717366440399,,,feature
season_9__industry_Singer/Rapper,0.07801236009952046,,,feature
season_9__industry_Social Media Personality,-0.012165601493811278,,,feature
season_9__industry_Sports Broadcaster,-0.006711402773965812,,,feature
season_9__industry_TV Personality,0.7605046378587015,,,feature
season_9__country_Argentina,0.011553120361066963,,,feature
season_9__country_Australia,0.006087614722244398,,,feature
season_9__country_Brazil,-0.022912895085981,,,feature
season_9__country_Canada,0.003043667290302598,,,feature
season_9__country_Chile,0.0007203357323257792,,,feature
season_9__country_Croatia,0.004138902853726931,,,feature
season_9__country_Cuba,0.016162096816512074,,,feature
season_9__country_Czechoslovakia,-0.02063238276804743,,,feature
season_9__country_England,0.7514735088912726,,,feature
season_9__country_France,0.005909063227933546,,,feature
season_9__country_Germany,-0.015815943994539422,,,feature
season_9__country_Ireland,0.01475949048053509,,,feature
season_9__country_Italy,0.003683566127006584,,,feature
season_9__country_Other,0.00846583985843404,,,feature
season_9__country_Philippines,-0.005709436615217945,,,feature
season_9__country_Poland,0.09405717323567396,,,feature
season_9__country_Russia,0.010684715559890383,,,feature
season_9__country_South Africa,0.0023287802013716836,,,feature
season_9__country_South Korea,0.0023440089269869593,,,feature
season_9__country_Spain,0.0027034323928172587,,,feature
season_9__country_United States,-0.8519379407639566,,,feature
season_9__country_Wales,-0.0014752868024035294,,,feature
season_10__judge_score_std,-1.356466528032447,,,feature
season_10__judge_percent_std,2.654568438872875,,,feature
season_10__age_std,1.313073542774947,,,feature
season_10__industry_Actor/Actress,-0.45282469666146236,,,feature
season_10__industry_Astronaut,-1.9433950853434907,,,feature
season_10__industry_Athlete,1.1601485776180422,,,feature
season_10__industry_Beauty Pagent,-0.007435882288125642,,,feature
season_10__industry_Comedian,-0.008222500172903203,,,feature
season_10__industry_Entrepreneur,0.0020230619183119357,,,feature
season_10__industry_Fashion Designer,0.008443851904853202,,,feature
season_10__industry_Military,0.0001142605556065933,,,feature
season_10__industry_Model,-0.225152012165676,,,feature
season_10__industry_Motivational Speaker,0.008567939825665269,,,feature
season_10__industry_Musician,0.008418200668900618,,,feature
season_10__industry_News Anchor,0.005541165013240933,,,feature
season_10__industry_Other,0.02327653100346085,,,feature
season_10__industry_Politician,-0.002051616888660442,,,feature
season_10__industry_Racing Driver,-0.02003522292066514,,,feature
season_10__industry_Radio Personality,0.01604254361517141,,,feature
season_10__industry_Singer/Rapper,0.6989222262532884,,,feature
season_10__industry_Social Media Personality,0.0010788044434303305,,,feature
season_10__industry_Sports Broadcaster,0.47220039249164225,,,feature
season_10__industry_TV Personality,0.29886421889501985,,,feature
season_10__country_Argentina,-0.012516472141061394,,,feature
season_10__country_Australia,-0.016012779371188536,,,feature
season_10__country_Brazil,-0.007941362900254238,,,feature
season_10__country_Canada,-0.2340452520098798,,,feature
season_10__country_Chile,0.00524187842812771,,,feature
season_10__country_Croatia,0.0027627417932855375,,,feature
season_10__country_Cuba,-0.014127658838923664,,,feature
season_10__country_Czechoslovakia,-0.02310103436632644,,,feature
season_10__country_England,0.4986840666222083,,,feature
season_10__country_France,-0.0047177603363833575,,,feature
season_10__country_Germany,0.004593857717166118,,,feature
season_10__country_Ireland,0.007019536262212701,,,feature
season_10__country_Italy,0.0013824143205868192,,,feature
season_10__country_Other,0.007601330853758538,,,feature
season_10__country_Philippines,0.0022921137411506844,,,feature
season_10__country_Poland,0.005300647056014667,,,feature
season_10__country_Russia,-0.007046732628698824,,,feature
season_10__country_South Africa,-0.0017961141383145854,,,feature
season_10__country_South Korea,0.0019677609665695725,,,feature
season_10__country_Spain,0.008205284754174189,,,feature
season_10__country_United States,-0.26363674463274106,,,feature
season_10__country_Wales,0.005211672557321126,,,feature
season_11__judge_score_std,-0.16921934395299215,,,feature
season_11__judge_percent_std,-0.17384867788609593,,,feature
season_11__age_std,-0.0423671528521211,,,feature
season_11__industry_Actor/Actress,0.013844077763919114,,,feature
season_11__industry_Astronaut,-0.01296472328074761,,,feature
season_11__industry_Athlete,0.02575049193159916,,,feature
season_11__industry_Beauty Pagent,-0.023336161198483047,,,feature
season_11__industry_Comedian,0.06334376746993456,,,feature
season_11__industry_Entrepreneur,0.0074943389972774044,,,feature
season_11__industry_Fashion Designer,-0.0028488406638257475,,,feature
season_11__industry_Military,0.001977900819418521,,,feature
season_11__industry_Model,0.010892174967107926,,,feature
season_11__industry_Motivational Speaker,0.013276861322676916,,,feature
season_11__industry_Musician,-0.0006913793472613955,,,feature
season_11__industry_News Anchor,0.013535858895693973,,,feature
season_11__industry_Other,0.0009212665843410921,,,feature
season_11__industry_Politician,-0.00837398223827462,,,feature
season_11__industry_Racing Driver,-0.0059440035219873524,,,feature
season_11__industry_Radio Personality,-0.014805365125650163,,,feature
season_11__industry_Singer/Rapper,-0.01035943770183394,,,feature
season_11__industry_Social Media Personality,-0.003580166880744292,,,feature
season_11__industry_Sports Broadcaster,0.008035850193786016,,,feature
season_11__industry_TV Personality,-0.12578751231856247,,,feature
season_11__country_Argentina,-0.0138218151537704,,,feature
season_11__country_Australia,0.00392827468259919,,,feature
season_11__country_Brazil,-0.010405439391575344,,,feature
season_11__country_Canada,0.0018227416348694336,,,feature
season_11__country_Chile,-0.001310866506877266,,,feature
season_11__country_Croatia,-0.018309058258475303,,,feature
season_11__country_Cuba,0.009282969915684844,,,feature
season_11__country_Czechoslovakia,-0.00605000712808731,,,feature
season_11__country_England,-0.005339002383735546,,,feature
season_11__country_France,-0.010697524112896898,,,feature
season_11__country_Germany,-0.0065428327668755545,,,feature
season_11__country_Ireland,0.004278904406949172,,,feature
season_11__country_Italy,-0.0018924434093640552,,,feature
season_11__country_Other,0.0032866200228248107,,,feature
season_11__country_Philippines,0.003619218539288437,,,feature
season_11__country_Poland,0.01320661655528167,,,feature
season_11__country_Russia,-0.0034278615086437932,,,feature
season_11__country_South Africa,-0.014768578168457318,,,feature
season_11__country_South Korea,0.010672224165719831,,,feature
season_11__country_Spain,-0.003314881720972547,,,feature
season_11__country_United States,0.014069748819433714,,,feature
season_11__country_Wales,0.003833771131824704,,,feature
season_12__judge_score_std,0.006397305231829552,,,feature
season_12__judge_percent_std,0.42395016482510883,,,feature
season_12__age_std,-0.13415144648642116,,,feature
season_12__industry_Actor/Actress,1.0421818635097464,,,feature
season_12__industry_Astronaut,0.000693811351327787,,,feature
season_12__industry_Athlete,-0.42650747280054707,,,feature
season_12__industry_Beauty Pagent,0.010762401574663856,,,feature
season_12__industry_Comedian,-0.008456610327673472,,,feature
season_12__industry_Entrepreneur,0.003330703726182551,,,feature
season_12__industry_Fashion Designer,-0.00025862847953856403,,,feature
season_12__industry_Military,0.003139082114575536,,,feature
season_12__industry_Model,0.2028120068975111,,,feature
season_12__industry_Motivational Speaker,-0.01589567493308969,,,feature
season_12__industry_Musician,-0.020729834359912918,,,feature
season_12__industry_News Anchor,-0.011173841129896079,,,feature
season_12__industry_Other,-0.00458675284939333,,,feature
season_12__industry_Politician,-0.0029319158664876184,,,feature
season_12__industry_Racing Driver,0.01937231162429517,,,feature
season_12__industry_Radio Personality,-0.9367824791419986,,,feature
season_12__industry_Singer/Rapper,0.22722663511660146,,,feature
season_12__industry_Social Media Personality,0.0034770845245095695,,,feature
season_12__industry_Sports Broadcaster,-0.004070782363503251,,,feature
season_12__industry_TV Personality,-0.09629714756527562,,,feature
season_12__country_Argentina,0.0018532564941538203,,,feature
season_12__country_Australia,0.006191711169753933,,,feature
season_12__country_Brazil,-0.0033925848388401537,,,feature
season_12__country_Canada,0.010638515327343586,,,feature
season_12__country_Chile,-0.011419382261424041,,,feature
season_12__country_Croatia,6.339062362268442e-05,,,feature
season_12__country_Cuba,0.025976737265958325,,,feature
season_12__country_Czechoslovakia,0.2133764923832586,,,feature
season_12__country_England,0.014332145066061728,,,feature
season_12__country_France,0.0009152017817320818,,,feature
season_12__country_Germany,0.005807770953297967,,,feature
season_12__country_Ireland,-0.0005678319439269153,,,feature
season_12__country_Italy,-0.0017040758116420444,,,feature
season_12__country_Other,-0.007794823967254196,,,feature
season_12__country_Philippines,0.004303013589575532,,,feature
season_12__country_Poland,-0.008515371891857679,,,feature
season_12__country_Russia,0.006655852363134291,,,feature
season_12__country_South Africa,0.0108528700444591,,,feature
season_12__country_South Korea,0.2375515484728985,,,feature
season_12__country_Spain,-0.0028624873355569186,,,feature
season_12__country_United States,-0.44049207536017926,,,feature
season_12__country_Wales,-0.0030867305554641263,,,feature
season_13__judge_score_std,-1.234878026360667,,,feature
season_13__judge_percent_std,2.537471003295713,,,feature
season_13__age_std,0.23267061349946067,,,feature
season_13__industry_Actor/Actress,-0.07159294166634629,,,feature
season_13__industry_Astronaut,-0.01495060830227205,,,feature
season_13__industry_Athlete,0.13511393757356463,,,feature
season_13__industry_Beauty Pagent,0.00895184981971686,,,feature
season_13__industry_Comedian,-0.007194802332847904,,,feature
season_13__industry_Entrepreneur,-0.01502503456040897,,,feature
season_13__industry_Fashion Designer,-0.029645288378416512,,,feature
season_13__industry_Military,-0.005434955079326346,,,feature
season_13__industry_Model,0.024204150122474025,,,feature
season_13__industry_Motivational Speaker,0.004348842714636474,,,feature
season_13__industry_Musician,-0.005595722860494895,,,feature
season_13__industry_News Anchor,0.004650802095003063,,,feature
season_13__industry_Other,-0.015609583529944428,,,feature
season_13__industry_Politician,-0.0029732336269763546,,,feature
season_13__industry_Racing Driver,0.000994774730157385,,,feature
season_13__industry_Radio Personality,-0.000861006518210485,,,feature
season_13__industry_Singer/Rapper,-0.11636351219047446,,,feature
season_13__industry_Social Media Personality,0.003446452262360524,,,feature
season_13__industry_Sports Broadcaster,0.0066832601810799695,,,feature
season_13__industry_TV Personality,0.04759719761968324,,,feature
season_13__country_Argentina,0.008978154084105482,,,feature
season_13__country_Australia,0.016289369476239914,,,feature
season_13__country_Brazil,-0.009701495196514127,,,feature
season_13__country_Canada,-0.008876956557145597,,,feature
season_13__country_Chile,0.013357843363202329,,,feature
season_13__country_Croatia,-0.001913439866950603,,,feature
season_13__country_Cuba,0.01403821392066557,,,feature
season_13__country_Czechoslovakia,-0.004425357118921839,,,feature
season_13__country_England,0.014550455762707113,,,feature
season_13__country_France,0.0013148581680545218,,,feature
season_13__country_Germany,0.002582288233226952,,,feature
season_13__country_Ireland,0.015647180216699044,,,feature
season_13__country_Italy,-0.014766613808069224,,,feature
season_13__country_Other,-0.009411220959249584,,,feature
season_13__country_Philippines,-0.0044856420802835435,,,feature
season_13__country_Poland,0.004523339506431387,,,feature
season_13__country_Russia,-0.015657590721805142,,,feature
season_13__country_South Africa,0.006374709026511215,,,feature
season_13__country_South Korea,-0.005387713176177433,,,feature
season_13__country_Spain,0.011478126607335635,,,feature
season_13__country_United States,-0.012793463578810138,,,feature
season_13__country_Wales,-0.007865657751041687,,,feature
season_14__judge_score_std,1.2152741737879562,,,feature
season_14__judge_percent_std,-0.4538237821350181,,,feature
season_14__age_std,-0.0003965548318719085,,,feature
season_14__industry_Actor/Actress,-0.683315229680278,,,feature
season_14__industry_Astronaut,-0.0025337756894801495,,,feature
season_14__industry_Athlete,0.48994042485675193,,,feature
season_14__industry_Beauty Pagent,0.002033882406199434,,,feature
season_14__industry_Comedian,-0.010085360419431078,,,feature
season_14__industry_Entrepreneur,0.007068496408990508,,,feature
season_14__industry_Fashion Designer,0.006626659703854839,,,feature
season_14__industry_Military,0.00385037937656101,,,feature
season_14__industry_Model,0.005565334427512632,,,feature
season_14__industry_Motivational Speaker,0.002964180008086595,,,feature
season_14__industry_Musician,0.020350733027310674,,,feature
season_14__industry_News Anchor,-0.000870941710525099,,,feature
season_14__industry_Other,-0.0030708321833457677,,,feature
season_14__industry_Politician,-0.007535275803573779,,,feature
season_14__industry_Racing Driver,-0.010322626705778368,,,feature
season_14__industry_Radio Personality,-0.012444717876010754,,,feature
season_14__industry_Singer/Rapper,0.06764157078267465,,,feature
season_14__industry_Social Media Personality,-0.0007068038165207131,,,feature
season_14__industry_Sports Broadcaster,0.003342951284977145,,,feature
season_14__industry_TV Personality,0.11397323235991673,,,feature
season_14__country_Argentina,-0.00765535277429713,,,feature
season_14__country_Australia,0.009001845640199633,,,feature
season_14__country_Brazil,0.007394126723009475,,,feature
season_14__country_Canada,-0.00159648307422017,,,feature
season_14__country_Chile,-0.006529161446647121,,,feature
season_14__country_Croatia,0.005484279208297995,,,feature
season_14__country_Cuba,0.44361045737156063,,,feature
season_14__country_Czechoslovakia,-0.4887136028558325,,,feature
season_14__country_England,-0.0006798025598440489,,,feature
season_14__country_France,0.0026203581207438105,,,feature
season_14__country_Germany,-0.008996947864877538,,,feature
season_14__country_Ireland,0.00189843392837443,,,feature
season_14__country_Italy,-0.014548224852577892,,,feature
season_14__country_Other,0.013361861000121709,,,feature
season_14__country_Philippines,0.012479499850594319,,,feature
season_14__country_Poland,-0.0025251733430296476,,,feature
season_14__country_Russia,0.0036345433783907316,,,feature
season_14__country_South Africa,-0.02409921965799875,,,feature
season_14__country_South Korea,-0.01156347660265333,,,feature
season_14__country_Spain,-0.002937789201521298,,,feature
season_14__country_United States,-0.24705278979753698,,,feature
season_14__country_Wales,0.2759771257115512,,,feature
season_15__judge_score_std,0.04245104892768507,,,feature
season_15__judge_percent_std,-0.36695508433464147,,,feature
season_15__age_std,0.027519342599088743,,,feature
season_15__industry_Actor/Actress,0.14812559747324133,,,feature
season_15__industry_Astronaut,0.01611116148499621,,,feature
season_15__industry_Athlete,0.25610699990078045,,,feature
season_15__industry_Beauty Pagent,0.0024903612230694197,,,feature
season_15__industry_Comedian,0.01821298850813109,,,feature
season_15__industry_Entrepreneur,-0.016517591481792673,,,feature
season_15__industry_Fashion Designer,-0.012810692068458321,,,feature
season_15__industry_Military,-0.004236066064608383,,,feature
season_15__industry_Model,-0.2022109011020529,,,feature
season_15__industry_Motivational Speaker,0.008126012877536446,,,feature
season_15__industry_Musician,0.0024165971982083806,,,feature
season_15__industry_News Anchor,-0.017749620596421285,,,feature
season_15__industry_Other,0.005154104029008109,,,feature
season_15__industry_Politician,-0.005775388873556505,,,feature
season_15__industry_Racing Driver,-0.11950473270710747,,,feature
season_15__industry_Radio Personality,-0.0062758753643691965,,,feature
season_15__industry_Singer/Rapper,-0.2873544267964229,,,feature
season_15__industry_Social Media Personality,0.005411316108045314,,,feature
season_15__industry_Sports Broadcaster,0.007629264823369366,,,feature
season_15__industry_TV Personality,0.2006223280825666,,,feature
season_15__country_Argentina,-0.01685597317384808,,,feature
season_15__country_Australia,0.005380344399282511,,,feature
season_15__country_Brazil,-0.14259228539326274,,,feature
season_15__country_Canada,-0.1946522558576145,,,feature
season_15__country_Chile,-0.014237344353990601,,,feature
season_15__country_Croatia,0.0044632214754306366,,,feature
season_15__country_Cuba,-0.008065989043073726,,,feature
season_15__country_Czechoslovakia,-0.012826346502605217,,,feature
season_15__country_England,0.007138201364823995,,,feature
season_15__country_France,0.32824678351431114,,,feature
season_15__country_Germany,-0.006139768013928971,,,feature
season_15__country_Ireland,0.014511788490210642,,,feature
season_15__country_Italy,-0.0044065242156974245,,,feature
season_15__country_Other,0.0003210767397093466,,,feature
season_15__country_Philippines,0.0026891344767860093,,,feature
season_15__country_Poland,-0.006196659341286136,,,feature
season_15__country_Russia,0.004711362933999294,,,feature
season_15__country_South Africa,-0.0053345234716472446,,,feature
season_15__country_South Korea,-0.004116383222162092,,,feature
season_15__country_Spain,0.01362642639803341,,,feature
season_15__country_United States,-0.006982648672563722,,,feature
season_15__country_Wales,-0.024127803309294902,,,feature
season_16__judge_score_std,1.389968153912725,,,feature
season_16__judge_percent_std,-0.15565513803657333,,,feature
season_16__age_std,0.480294801911091,,,feature
season_16__industry_Actor/Actress,0.5311031317533945,,,feature
season_16__industry_Astronaut,-0.0031048397619594377,,,feature
season_16__industry_Athlete,-0.09816210764666947,,,feature
season_16__industry_Beauty Pagent,-0.0018992384102225705,,,feature
season_16__industry_Comedian,-0.23085229776520114,,,feature
season_16__industry_Entrepreneur,0.005795611424764774,,,feature
season_16__industry_Fashion Designer,0.005245073752860862,,,feature
season_16__industry_Military,-0.014944056198193065,,,feature
season_16__industry_Model,0.006991967316948879,,,feature
season_16__industry_Motivational Speaker,0.02052684981945891,,,feature
season_16__industry_Musician,0.0017196033243705986,,,feature
season_16__industry_News Anchor,-0.0033732516206850605,,,feature
season_16__industry_Other,-0.0014200321440752132,,,feature
season_16__industry_Politician,0.006152567669685613,,,feature
season_16__industry_Racing Driver,-0.017306716055072183,,,feature
season_16__industry_Radio Personality,0.0016439070297730224,,,feature
season_16__industry_Singer/Rapper,-0.4822402156894837,,,feature
season_16__industry_Social Media Personality,0.018478250129560454,,,feature
season_16__industry_Sports Broadcaster,-0.0017417273380495788,,,feature
season_16__industry_TV Personality,0.25956338692485403,,,feature
season_16__country_Argentina,-0.011037406977820073,,,feature
season_16__country_Australia,0.005872591668027922,,,feature
season_16__country_Brazil,0.003194002637912288,,,feature
season_16__country_Canada,-0.008690472478647824,,,feature
season_16__country_Chile,0.0017739611463694043,,,feature
season_16__country_Croatia,0.012125188368316005,,,feature
season_16__country_Cuba,-0.003237917042866007,,,feature
season_16__country_Czechoslovakia,-0.016919626491697634,,,feature
season_16__country_England,-1.0033725960007294,,,feature
season_16__country_France,-0.009024230947925127,,,feature
season_16__country_Germany,0.0492918852801003,,,feature
season_16__country_Ireland,-0.0008158776968512098,,,feature
season_16__country_Italy,-0.01705652216015517,,,feature
season_16__country_Other,-0.016156583393206782,,,feature
season_16__country_Philippines,0.0048206683552552525,,,feature
season_16__country_Poland,-0.005227186961696804,,,feature
season_16__country_Russia,-0.02564744341820567,,,feature
season_16__country_South Africa,0.007848440366081351,,,feature
season_16__country_South Korea,0.0027236975527423985,,,feature
season_16__country_Spain,-0.0071387482403648395,,,feature
season_16__country_United States,0.9373139246151411,,,feature
season_16__country_Wales,0.008358078963143372,,,feature
season_17__judge_score_std,-0.3186952790277506,,,feature
season_17__judge_percent_std,0.09328388543555961,,,feature
season_17__age_std,-0.07639002705420263,,,feature
season_17__industry_Actor/Actress,0.3177496125413223,,,feature
season_17__industry_Astronaut,-0.0016692793010856513,,,feature
season_17__industry_Athlete,-1.159745856380016,,,feature
season_17__industry_Beauty Pagent,0.006250852012481537,,,feature
season_17__industry_Comedian,0.8928849473077854,,,feature
season_17__industry_Entrepreneur,-0.0052132291863728475,,,feature
season_17__industry_Fashion Designer,-0.004354074729439624,,,feature
season_17__industry_Military,-0.004791031709119801,,,feature
season_17__industry_Model,0.007908017211789891,,,feature
season_17__industry_Motivational Speaker,0.014983744402967321,,,feature
season_17__industry_Musician,-0.004588404931493007,,,feature
season_17__industry_News Anchor,-0.004247737277930912,,,feature
season_17__industry_Other,0.003140772238697992,,,feature
season_17__industry_Politician,-0.0024576150001290142,,,feature
season_17__industry_Racing Driver,0.0095205365313989,,,feature
season_17__industry_Radio Personality,-0.02251777290619047,,,feature
season_17__industry_Singer/Rapper,0.08848003610275763,,,feature
season_17__industry_Social Media Personality,-0.007824163339614458,,,feature
season_17__industry_Sports Broadcaster,-0.02320356012386145,,,feature
season_17__industry_TV Personality,-0.1327084274756759,,,feature
season_17__country_Argentina,-0.009151561158459262,,,feature
season_17__country_Australia,-0.002011046545188303,,,feature
season_17__country_Brazil,0.011129658916602636,,,feature
season_17__country_Canada,-0.002450606511907024,,,feature
season_17__country_Chile,-0.05755013879538937,,,feature
season_17__country_Croatia,-0.0005695454121352898,,,feature
season_17__country_Cuba,0.010491736214413494,,,feature
season_17__country_Czechoslovakia,-0.009759588161149049,,,feature
season_17__country_England,0.3251976364544944,,,feature
season_17__country_France,0.0055854895927422345,,,feature
season_17__country_Germany,-0.0022153611573080055,,,feature
season_17__country_Ireland,0.006474846907094743,,,feature
season_17__country_Italy,-0.0001364679179529676,,,feature
season_17__country_Other,0.00701663648089567,,,feature
season_17__country_Philippines,-0.010350781140406409,,,feature
season_17__country_Poland,-0.0001208465078826744,,,feature
season_17__country_Russia,-0.002106900143631568,,,feature
season_17__country_South Africa,-0.012158909241041307,,,feature
season_17__country_South Korea,-0.015634779478686883,,,feature
season_17__country_Spain,0.006857490352746618,,,feature
season_17__country_United States,-0.2905684169321149,,,feature
season_17__country_Wales,-0.010222802816473295,,,feature
season_18__judge_score_std,-0.057615055585442373,,,feature
season_18__judge_percent_std,-0.4425487242683438,,,feature
season_18__age_std,0.017326945999182334,,,feature
season_18__industry_Actor/Actress,-0.04419450224231368,,,feature
season_18__industry_Astronaut,-0.009228864418952676,,,feature
season_18__industry_Athlete,0.10016572974697625,,,feature
season_18__industry_Beauty Pagent,0.002825869829192965,,,feature
season_18__industry_Comedian,0.013278883043337216,,,feature
season_18__industry_Entrepreneur,-0.011401609191262305,,,feature
season_18__industry_Fashion Designer,-0.011195358752705262,,,feature
season_18__industry_Military,0.004478137167227105,,,feature
season_18__industry_Model,0.0005827433093544656,,,feature
season_18__industry_Motivational Speaker,0.005487388188641266,,,feature
season_18__industry_Musician,-0.0018767099092845214,,,feature
season_18__industry_News Anchor,0.0027814372645462698,,,feature
season_18__industry_Other,0.0015811908490510917,,,feature
season_18__industry_Politician,0.007777673890849254,,,feature
season_18__industry_Racing Driver,0.008070082819444706,,,feature
season_18__industry_Radio Personality,-0.016198719943917698,,,feature
season_18__industry_Singer/Rapper,0.051033395126857804,,,feature
season_18__industry_Social Media Personality,0.010017453976515071,,,feature
season_18__industry_Sports Broadcaster,0.011877250932619366,,,feature
season_18__industry_TV Personality,-0.14564364072100972,,,feature
season_18__country_Argentina,-0.018598354065456287,,,feature
season_18__country_Australia,0.07449642889033556,,,feature
season_18__country_Brazil,0.009308382263505294,,,feature
season_18__country_Canada,-0.621823195683307,,,feature
season_18__country_Chile,0.0051629757210145105,,,feature
season_18__country_Croatia,-0.0037171669658569496,,,feature
season_18__country_Cuba,-0.008931306215848627,,,feature
season_18__country_Czechoslovakia,0.00011451291670654416,,,feature
season_18__country_England,-0.002992647038852564,,,feature
season_18__country_France,-0.010150679057288161,,,feature
season_18__country_Germany,0.02048755650863287,,,feature
season_18__country_Ireland,0.01785168402072131,,,feature
season_18__country_Italy,0.011360486835554285,,,feature
season_18__country_Other,-0.009208503978091276,,,feature
season_18__country_Philippines,0.008550193242972789,,,feature
season_18__country_Poland,0.006396264094979018,,,feature
season_18__country_Russia,0.0044254562420405295,,,feature
season_18__country_South Africa,0.012496652670437772,,,feature
season_18__country_South Korea,0.006353711428612774,,,feature
season_18__country_Spain,0.007400142363043355,,,feature
season_18__country_United States,0.5726625893709183,,,feature
season_18__country_Wales,0.003407914080021059,,,feature
season_19__judge_score_std,-0.9605117175176265,,,feature
season_19__judge_percent_std,3.251484020507918,,,feature
season_19__age_std,0.10089102089098079,,,feature
season_19__industry_Actor/Actress,0.19827671208562492,,,feature
season_19__industry_Astronaut,0.01681816619300824,,,feature
season_19__industry_Athlete,-0.9325150590419105,,,feature
season_19__industry_Beauty Pagent,0.01359220600295612,,,feature
season_19__industry_Comedian,0.5117720353194246,,,feature
season_19__industry_Entrepreneur,0.013506251209526568,,,feature
season_19__industry_Fashion Designer,-0.22629967769246415,,,feature
season_19__industry_Military,0.0020279727689777936,,,feature
season_19__industry_Model,-0.01093471370461983,,,feature
season_19__industry_Motivational Speaker,0.0039699130449884,,,feature
season_19__industry_Musician,0.0006038592842441709,,,feature
season_19__industry_News Anchor,-0.013026521168344645,,,feature
season_19__industry_Other,-0.000511971118165969,,,feature
season_19__industry_Politician,-0.0007972956385680848,,,feature
season_19__industry_Racing Driver,0.39510952722923914,,,feature
season_19__industry_Radio Personality,-0.8732685244495978,,,feature
season_19__industry_Singer/Rapper,0.00011445439091466015,,,feature
season_19__industry_Social Media Personality,0.36772199989118465,,,feature
season_19__industry_Sports Broadcaster,0.0004421237810419806,,,feature
season_19__industry_TV Personality,0.5937409121860762,,,feature
season_19__country_Argentina,-0.010824271973882868,,,feature
season_19__country_Australia,-0.0015105187760692926,,,feature
season_19__country_Brazil,-0.007460982566525134,,,feature
season_19__country_Canada,0.49671674576163627,,,feature
season_19__country_Chile,0.005112218145475347,,,feature
season_19__country_Croatia,0.00391264659933235,,,feature
season_19__country_Cuba,-0.01786707511368078,,,feature
season_19__country_Czechoslovakia,-0.0012268463749512723,,,feature
season_19__country_England,0.009957013858999235,,,feature
season_19__country_France,0.010592237388963208,,,feature
season_19__country_Germany,0.010258368428852386,,,feature
season_19__country_Ireland,0.000389132069014598,,,feature
season_19__country_Italy,-0.054700601644960746,,,feature
season_19__country_Other,-0.010836988273580607,,,feature
season_19__country_Philippines,0.003446049047503575,,,feature
season_19__country_Poland,0.00379280034365163,,,feature
season_19__country_Russia,0.012873311116050654,,,feature
season_19__country_South Africa,0.010999796503420835,,,feature
season_19__country_South Korea,-0.001322286565311721,,,feature
season_19__country_Spain,-0.012442058788608695,,,feature
season_19__country_United States,-0.4661603799545142,,,feature
season_19__country_Wales,0.0021723119481052468,,,feature
season_20__judge_score_std,-1.2243361486894455,,,feature
season_20__judge_percent_std,3.150092541390424,,,feature
season_20__age_std,0.07356957029092527,,,feature
season_20__industry_Actor/Actress,-0.18360624747209614,,,feature
season_20__industry_Astronaut,-0.00628066083725374,,,feature
season_20__industry_Athlete,-0.2219894424230276,,,feature
season_20__industry_Beauty Pagent,-0.004019925801292048,,,feature
season_20__industry_Comedian,0.002441043889783521,,,feature
season_20__industry_Entrepreneur,-0.013023123638859468,,,feature
season_20__industry_Fashion Designer,-0.011394290010915747,,,feature
season_20__industry_Military,-0.004812411238654122,,,feature
season_20__industry_Model,0.21096221790851047,,,feature
season_20__industry_Motivational Speaker,0.2964614570935713,,,feature
season_20__industry_Musician,-0.02116654448970531,,,feature
season_20__industry_News Anchor,-0.018618451532425116,,,feature
season_20__industry_Other,0.00029109946576669205,,,feature
season_20__industry_Politician,0.0003091727803269891,,,feature
season_20__industry_Racing Driver,-0.0011761085542512093,,,feature
season_20__industry_Radio Personality,0.012141898289285016,,,feature
season_20__industry_Singer/Rapper,-0.35242904305649164,,,feature
season_20__industry_Social Media Personality,0.003959338744308236,,,feature
season_20__industry_Sports Broadcaster,0.015614382018035734,,,feature
season_20__industry_TV Personality,0.22918487199543558,,,feature
season_20__country_Argentina,-0.0037980651178989512,,,feature
season_20__country_Australia,-0.007528919172286209,,,feature
season_20__country_Brazil,-0.008943460460775288,,,feature
season_20__country_Canada,-0.0032626200502304,,,feature
season_20__country_Chile,0.014274852836845047,,,feature
season_20__country_Croatia,0.0026187028874941126,,,feature
season_20__country_Cuba,-0.0033593922504014774,,,feature
season_20__country_Czechoslovakia,0.0190506021406447,,,feature
season_20__country_England,0.00035576476984624866,,,feature
season_20__country_France,0.017536910267010812,,,feature
season_20__country_Germany,-0.0009329864965349177,,,feature
season_20__country_Ireland,0.001310578260461443,,,feature
season_20__country_Italy,0.0036547447264283456,,,feature
season_20__country_Other,0.031788536793675354,,,feature
season_20__country_Philippines,0.00851285574844789,,,feature
season_20__country_Poland,-0.007072645299514636,,,feature
season_20__country_Russia,0.07279749477229572,,,feature
season_20__country_South Africa,-0.003618325370843415,,,feature
season_20__country_South Korea,-0.004897501829012092,,,feature
season_20__country_Spain,0.009086013598921113,,,feature
season_20__country_United States,-0.047040634676359556,,,feature
season_20__country_Wales,0.002785759145118061,,,feature
season_21__judge_score_std,1.9700049265493966,,,feature
season_21__judge_percent_std,-4.065580457655017,,,feature
season_21__age_std,0.14078027159764453,,,feature
season_21__industry_Actor/Actress,-0.07499780926180973,,,feature
season_21__industry_Astronaut,0.006665726686095336,,,feature
season_21__industry_Athlete,-0.2117198886167255,,,feature
season_21__industry_Beauty Pagent,-0.014422991355594113,,,feature
season_21__industry_Comedian,-0.0005841124385868244,,,feature
season_21__industry_Entrepreneur,0.0008398100331445426,,,feature
season_21__industry_Fashion Designer,-0.006935061645722808,,,feature
season_21__industry_Military,0.15002397196815312,,,feature
season_21__industry_Model,-0.01342175166370907,,,feature
season_21__industry_Motivational Speaker,-0.0040694374877255895,,,feature
season_21__industry_Musician,-0.005848741349330007,,,feature
season_21__industry_News Anchor,-0.0004658727033933937,,,feature
season_21__industry_Other,0.002788642846472388,,,feature
season_21__industry_Politician,-0.010078929496235447,,,feature
season_21__industry_Racing Driver,0.007242826774562282,,,feature
season_21__industry_Radio Personality,0.0006300236833469973,,,feature
season_21__industry_Singer/Rapper,0.002454819944049053,,,feature
season_21__industry_Social Media Personality,-0.28050145775534086,,,feature
season_21__industry_Sports Broadcaster,-0.00012319292929311235,,,feature
season_21__industry_TV Personality,0.35314747627566295,,,feature
season_21__country_Argentina,-0.001034201135746335,,,feature
season_21__country_Australia,0.014602468626376243,,,feature
season_21__country_Brazil,0.0022555983951018073,,,feature
season_21__country_Canada,0.009476496098482997,,,feature
season_21__country_Chile,-0.011111049009175582,,,feature
season_21__country_Croatia,-0.011719715929007947,,,feature
season_21__country_Cuba,-0.010933238578873825,,,feature
season_21__country_Czechoslovakia,0.002889166671687069,,,feature
season_21__country_England,0.012449473786464455,,,feature
season_21__country_France,-0.004313394382395105,,,feature
season_21__country_Germany,-0.025016998441596546,,,feature
season_21__country_Ireland,-0.017039928626103755,,,feature
season_21__country_Italy,-0.008330367227960116,,,feature
season_21__country_Other,-0.20747698329337488,,,feature
season_21__country_Philippines,-0.004083886272547264,,,feature
season_21__country_Poland,0.00038581122980917067,,,feature
season_21__country_Russia,-0.003117463308224471,,,feature
season_21__country_South Africa,0.010493396105434072,,,feature
season_21__country_South Korea,-0.006760173056813688,,,feature
season_21__country_Spain,-0.00862317959475543,,,feature
season_21__country_United States,0.1918060948401602,,,feature
season_21__country_Wales,-0.015356420699261193,,,feature
season_22__judge_score_std,-1.0136471107498712,,,feature
season_22__judge_percent_std,-0.38538849215982385,,,feature
season_22__age_std,-1.1952493190111373,,,feature
season_22__industry_Actor/Actress,0.25957263803769265,,,feature
season_22__industry_Astronaut,-0.00622207445294718,,,feature
season_22__industry_Athlete,-0.622879492466918,,,feature
season_22__industry_Beauty Pagent,-0.002254314492280993,,,feature
season_22__industry_Comedian,-0.012770164449702281,,,feature
season_22__industry_Entrepreneur,0.000699195809948253,,,feature
season_22__industry_Fashion Designer,-0.010762452003187681,,,feature
season_22__industry_Military,-0.007517558478135003,,,feature
season_22__industry_Model,0.18399073592626622,,,feature
season_22__industry_Motivational Speaker,0.005555820886501249,,,feature
season_22__industry_Musician,-0.006221677002542582,,,feature
season_22__industry_News Anchor,0.3581136161137301,,,feature
season_22__industry_Other,-0.4537119411536057,,,feature
season_22__industry_Politician,0.014363017565632909,,,feature
season_22__industry_Racing Driver,0.005294134071257221,,,feature
season_22__industry_Radio Personality,0.013634287120856988,,,feature
season_22__industry_Singer/Rapper,1.183563926117477,,,feature
season_22__industry_Social Media Personality,-0.003179065486284626,,,feature
season_22__industry_Sports Broadcaster,-0.008670052563234262,,,feature
season_22__industry_TV Personality,-0.8643574629578675,,,feature
season_22__country_Argentina,-0.005714492191967373,,,feature
season_22__country_Australia,-0.0016615784194973237,,,feature
season_22__country_Brazil,0.018821748802040496,,,feature
season_22__country_Canada,-0.001697197964203783,,,feature
season_22__country_Chile,0.004137923171902139,,,feature
season_22__country_Croatia,-0.002322693299242352,,,feature
season_22__country_Cuba,0.0007571328795683368,,,feature
season_22__country_Czechoslovakia,6.01668043607146e-05,,,feature
season_22__country_England,-1.9624538097895545,,,feature
season_22__country_France,0.011653075355471769,,,feature
season_22__country_Germany,0.016473939976033296,,,feature
season_22__country_Ireland,0.0030962008190916685,,,feature
season_22__country_Italy,0.005895468860356022,,,feature
season_22__country_Other,-0.01150864509185567,,,feature
season_22__country_Philippines,-0.0008787674241562057,,,feature
season_22__country_Poland,0.00940289464883589,,,feature
season_22__country_Russia,0.008659686384171533,,,feature
season_22__country_South Africa,0.002116097327950502,,,feature
season_22__country_South Korea,0.008863939595679524,,,feature
season_22__country_Spain,0.004907667089938189,,,feature
season_22__country_United States,1.9789409211536655,,,feature
season_22__country_Wales,0.0028935915695711112,,,feature
season_23__judge_score_std,0.9774607534185348,,,feature
season_23__judge_percent_std,-2.2314234672263966,,,feature
season_23__age_std,0.01448105515022525,,,feature
season_23__industry_Actor/Actress,-0.24002042139927018,,,feature
season_23__industry_Astronaut,-0.036484128252147835,,,feature
season_23__industry_Athlete,-0.03991279800003338,,,feature
season_23__industry_Beauty Pagent,0.004517686009409842,,,feature
season_23__industry_Comedian,0.004775293372667953,,,feature
season_23__industry_Entrepreneur,-0.011624287801399305,,,feature
season_23__industry_Fashion Designer,-0.007121020418789388,,,feature
season_23__industry_Military,0.01370540988614132,,,feature
season_23__industry_Model,0.503700322820862,,,feature
season_23__industry_Motivational Speaker,0.02242920312402985,,,feature
season_23__industry_Musician,-1.9198531763461493e-05,,,feature
season_23__industry_News Anchor,0.004080361768812668,,,feature
season_23__industry_Other,0.016168743984986075,,,feature
season_23__industry_Politician,-0.23006165481899546,,,feature
season_23__industry_Racing Driver,0.3249510629478667,,,feature
season_23__industry_Radio Personality,-0.001097274516942901,,,feature
season_23__industry_Singer/Rapper,-0.16298926032335204,,,feature
season_23__industry_Social Media Personality,-0.013647416522015654,,,feature
season_23__industry_Sports Broadcaster,-0.0025583207134082337,,,feature
season_23__industry_TV Personality,-0.1904025472688544,,,feature
season_23__country_Argentina,0.00924357757187434,,,feature
season_23__country_Australia,0.0003461187418525562,,,feature
season_23__country_Brazil,-0.0028279574914757007,,,feature
season_23__country_Canada,0.33391268344854635,,,feature
season_23__country_Chile,0.002231220184061661,,,feature
season_23__country_Croatia,0.006168141996897798,,,feature
season_23__country_Cuba,-0.009997122286693813,,,feature
season_23__country_Czechoslovakia,-0.01041587632621272,,,feature
season_23__country_England,0.011046792154025301,,,feature
season_23__country_France,-0.004123368722047306,,,feature
season_23__country_Germany,-0.014168420925968742,,,feature
season_23__country_Ireland,0.004438127093831046,,,feature
season_23__country_Italy,0.004633698060326869,,,feature
season_23__country_Other,-0.015307152572567064,,,feature
season_23__country_Philippines,0.002294817154636063,,,feature
season_23__country_Poland,0.007355830924283736,,,feature
season_23__country_Russia,0.0037438645170626305,,,feature
season_23__country_South Africa,0.006319814837613953,,,feature
season_23__country_South Korea,-0.01404269098090749,,,feature
season_23__country_Spain,0.003310401549961956,,,feature
season_23__country_United States,-0.3380004740770662,,,feature
season_23__country_Wales,-0.004827901587246448,,,feature
season_24__judge_score_std,-0.2099350364340759,,,feature
season_24__judge_percent_std,-0.050807567311504515,,,feature
season_24__age_std,-0.027820630614166095,,,feature
season_24__industry_Actor/Actress,0.054391715343623984,,,feature
season_24__industry_Astronaut,-0.0010973418163018368,,,feature
season_24__industry_Athlete,0.34206108480023045,,,feature
season_24__industry_Beauty Pagent,0.007668228717842437,,,feature
season_24__industry_Comedian,-0.8897648614511521,,,feature
season_24__industry_Entrepreneur,0.0013076418791154436,,,feature
season_24__industry_Fashion Designer,0.00823753131876182,,,feature
season_24__industry_Military,-0.0005928264602593222,,,feature
season_24__industry_Model,-0.007292869363736615,,,feature
season_24__industry_Motivational Speaker,-0.004144730658358586,,,feature
season_24__industry_Musician,0.006339103777337424,,,feature
season_24__industry_News Anchor,2.9932911999557322e-05,,,feature
season_24__industry_Other,0.0034020997686833787,,,feature
season_24__industry_Politician,0.006700792422021899,,,feature
season_24__industry_Racing Driver,-0.0037484146289760963,,,feature
season_24__industry_Radio Personality,0.0075624816362980605,,,feature
season_24__industry_Singer/Rapper,0.28510886041446076,,,feature
season_24__industry_Social Media Personality,-0.012348130869114786,,,feature
season_24__industry_Sports Broadcaster,0.014423047911862443,,,feature
season_24__industry_TV Personality,0.22487334598026218,,,feature
season_24__country_Argentina,-0.01655095343185184,,,feature
season_24__country_Australia,-0.010450437095863024,,,feature
season_24__country_Brazil,-0.01021045160678322,,,feature
season_24__country_Canada,0.0005217331865753347,,,feature
season_24__country_Chile,-0.002738505055462372,,,feature
season_24__country_Croatia,-0.003368319676405929,,,feature
season_24__country_Cuba,0.00619701965482479,,,feature
season_24__country_Czechoslovakia,0.0033987536119270377,,,feature
season_24__country_England,0.0031604787064428625,,,feature
season_24__country_France,0.004098284573286926,,,feature
season_24__country_Germany,0.006161346680022383,,,feature
season_24__country_Ireland,-0.02107953341777443,,,feature
season_24__country_Italy,-0.003644382522644612,,,feature
season_24__country_Other,-0.02180210064489474,,,feature
season_24__country_Philippines,0.00036059926797795414,,,feature
season_24__country_Poland,-4.6329722243453205e-05,,,feature
season_24__country_Russia,0.010455322747896803,,,feature
season_24__country_South Africa,0.011876343927211208,,,feature
season_24__country_South Korea,0.0020277504825236734,,,feature
season_24__country_Spain,-0.049971560772390046,,,feature
season_24__country_United States,0.04982006658042309,,,feature
season_24__country_Wales,-0.005279176373243135,,,feature
season_25__judge_score_std,0.05674387436546933,,,feature
season_25__judge_percent_std,-1.166114105009181,,,feature
season_25__age_std,-0.21135582973081454,,,feature
season_25__industry_Actor/Actress,0.456933956520943,,,feature
season_25__industry_Astronaut,0.006774013686923024,,,feature
season_25__industry_Athlete,-0.08250467144056532,,,feature
season_25__industry_Beauty Pagent,0.009738941282174009,,,feature
season_25__industry_Comedian,0.006985663453715051,,,feature
season_25__industry_Entrepreneur,-0.7752790083001417,,,feature
season_25__industry_Fashion Designer,-0.007623234580276523,,,feature
season_25__industry_Military,-0.0085920601857557,,,feature
season_25__industry_Model,-0.005376625769030224,,,feature
season_25__industry_Motivational Speaker,0.005425944632919601,,,feature
season_25__industry_Musician,0.3785528311421698,,,feature
season_25__industry_News Anchor,0.0043751224861987,,,feature
season_25__industry_Other,-0.012417555288783926,,,feature
season_25__industry_Politician,-0.0020406858443884897,,,feature
season_25__industry_Racing Driver,0.0010964775457400864,,,feature
season_25__industry_Radio Personality,0.02445130145058917,,,feature
season_25__industry_Singer/Rapper,-0.19336595825046687,,,feature
season_25__industry_Social Media Personality,0.014720145664901334,,,feature
season_25__industry_Sports Broadcaster,0.0014984241398728006,,,feature
season_25__industry_TV Personality,0.19597098204211852,,,feature
season_25__country_Argentina,0.001183479133882045,,,feature
season_25__country_Australia,0.004447268181952331,,,feature
season_25__country_Brazil,-0.0015368510436201775,,,feature
season_25__country_Canada,0.26333468863539844,,,feature
season_25__country_Chile,-0.004564711442247224,,,feature
season_25__country_Croatia,0.011322345721792478,,,feature
season_25__country_Cuba,-0.006443671202130229,,,feature
season_25__country_Czechoslovakia,-0.0006025184640128695,,,feature
season_25__country_England,-0.010719625522902192,,,feature
season_25__country_France,0.0045502372034752,,,feature
season_25__country_Germany,0.014451259569265337,,,feature
season_25__country_Ireland,-0.0007735617982085408,,,feature
season_25__country_Italy,-0.0019688569870390956,,,feature
season_25__country_Other,-0.011146169630679268,,,feature
season_25__country_Philippines,-0.05923017108999755,,,feature
season_25__country_Poland,-0.015927942597215278,,,feature
season_25__country_Russia,-0.009128779867188273,,,feature
season_25__country_South Africa,-0.4104985858230902,,,feature
season_25__country_South Korea,0.013190131977413961,,,feature
season_25__country_Spain,0.02809210861229503,,,feature
season_25__country_United States,0.2150409279057583,,,feature
season_25__country_Wales,0.0143530015664544,,,feature
season_26__judge_score_std,0.0050760760656917885,,,feature
season_26__judge_percent_std,-0.1633814190765635,,,feature
season_26__age_std,0.04460791385854103,,,feature
season_26__industry_Actor/Actress,0.0006191648367995918,,,feature
season_26__industry_Astronaut,0.0011039572561221853,,,feature
season_26__industry_Athlete,-0.004083331628266692,,,feature
season_26__industry_Beauty Pagent,-0.013981096597988508,,,feature
season_26__industry_Comedian,-0.015436252025220816,,,feature
season_26__industry_Entrepreneur,0.00653244883281227,,,feature
season_26__industry_Fashion Designer,-0.002767000900857134,,,feature
season_26__industry_Military,-0.005960888996561667,,,feature
season_26__industry_Model,8.505626723153567e-05,,,feature
season_26__industry_Motivational Speaker,0.007949322529156276,,,feature
season_26__industry_Musician,0.0018036394302639819,,,feature
season_26__industry_News Anchor,-0.006560549366409674,,,feature
season_26__industry_Other,0.012262929556489497,,,feature
season_26__industry_Politician,0.01579185502981632,,,feature
season_26__industry_Racing Driver,0.0049455665532285335,,,feature
season_26__industry_Radio Personality,0.009736635113440901,,,feature
season_26__industry_Singer/Rapper,0.012419599968138111,,,feature
season_26__industry_Social Media Personality,0.011300993164045137,,,feature
season_26__industry_Sports Broadcaster,0.006140991771126237,,,feature
season_26__industry_TV Personality,0.005983470470748828,,,feature
season_26__country_Argentina,0.0051966057334650265,,,feature
season_26__country_Australia,-0.010973376745470435,,,feature
season_26__country_Brazil,0.007007231568595858,,,feature
season_26__country_Canada,-0.01355813971126554,,,feature
season_26__country_Chile,-0.00794599455125055,,,feature
season_26__country_Croatia,0.013035650678080875,,,feature
season_26__country_Cuba,0.008402201626941976,,,feature
season_26__country_Czechoslovakia,0.014873982896858626,,,feature
season_26__country_England,-0.0027167438368729223,,,feature
season_26__country_France,-0.011522488412767675,,,feature
season_26__country_Germany,-0.0024043719707034284,,,feature
season_26__country_Ireland,0.001020312972405742,,,feature
season_26__country_Italy,0.0007898871634000969,,,feature
season_26__country_Other,0.011336804787567016,,,feature
season_26__country_Philippines,-0.0036127042500344554,,,feature
season_26__country_Poland,0.0035203447180292423,,,feature
season_26__country_Russia,-0.009886271494346061,,,feature
season_26__country_South Africa,0.00450317278043813,,,feature
season_26__country_South Korea,3.108550185636745e-05,,,feature
season_26__country_Spain,-0.0074981333828451745,,,feature
season_26__country_United States,-0.002358293621748528,,,feature
season_26__country_Wales,-0.0018417574651522165,,,feature
season_27__judge_score_std,0.328429315038895,,,feature
season_27__judge_percent_std,-1.3117559346530288,,,feature
season_27__age_std,-0.12889539478856618,,,feature
season_27__industry_Actor/Actress,-0.020070453198057406,,,feature
season_27__industry_Astronaut,-0.020974509576101415,,,feature
season_27__industry_Athlete,-0.12678623965256375,,,feature
season_27__industry_Beauty Pagent,-0.0026307342445635283,,,feature
season_27__industry_Comedian,-0.345589358554178,,,feature
season_27__industry_Entrepreneur,0.01381707593377797,,,feature
season_27__industry_Fashion Designer,-0.0016493777539621864,,,feature
season_27__industry_Military,0.012884442493182524,,,feature
season_27__industry_Model,0.0006170463405036803,,,feature
season_27__industry_Motivational Speaker,0.00037227836421576635,,,feature
season_27__industry_Musician,-0.0008879644771250095,,,feature
season_27__industry_News Anchor,3.796251621459132e-05,,,feature
season_27__industry_Other,0.017187950030498594,,,feature
season_27__industry_Politician,-0.023196107267512183,,,feature
season_27__industry_Racing Driver,-0.020015457444386788,,,feature
season_27__industry_Radio Personality,0.9317398918475017,,,feature
season_27__industry_Singer/Rapper,-0.579120269166955,,,feature
season_27__industry_Social Media Personality,0.13034266529368924,,,feature
season_27__industry_Sports Broadcaster,0.004730871980274752,,,feature
season_27__industry_TV Personality,-0.010978279156539325,,,feature
season_27__country_Argentina,-0.0039015992015439048,,,feature
season_27__country_Australia,0.010301954031527309,,,feature
season_27__country_Brazil,0.0018405783127156553,,,feature
season_27__country_Canada,0.009626575724868412,,,feature
season_27__country_Chile,0.002726452634321288,,,feature
season_27__country_Croatia,-0.005614830267828837,,,feature
season_27__country_Cuba,0.006978168390000047,,,feature
season_27__country_Czechoslovakia,0.001106131225786777,,,feature
season_27__country_England,1.3398467544869292e-05,,,feature
season_27__country_France,0.014729535721895743,,,feature
season_27__country_Germany,-0.024508721285400867,,,feature
season_27__country_Ireland,0.12873657746313302,,,feature
season_27__country_Italy,-0.011870704263743702,,,feature
season_27__country_Other,-0.0036326064756880562,,,feature
season_27__country_Philippines,-0.0025460816976603014,,,feature
season_27__country_Poland,-0.015073256477730475,,,feature
season_27__country_Russia,-0.009851580323108263,,,feature
season_27__country_South Africa,-0.008608416785235702,,,feature
season_27__country_South Korea,0.024574240920758918,,,feature
season_27__country_Spain,0.018017419477471465,,,feature
season_27__country_United States,-0.1329351731124579,,,feature
season_27__country_Wales,-0.003635832903067989,,,feature
